model,accuracy,precision,recall,f1,roc_auc
logistic_regression,0.9997777777777778,0.9996045867931989,1.0,0.9998022543009689,1.0
random_forest,0.9986666666666667,1.0,0.997626582278481,0.9988118811881188,0.9999275858859477
