model,accuracy,precision,recall,f1,roc_auc
logistic_regression,1.0,1.0,1.0,1.0,1.0
random_forest,0.9983333333333333,0.9949664429530202,1.0,0.9974768713204374,1.0
