model,split,accuracy,precision,recall,f1,roc_auc
baseline,train,0.9995237528277175,0.9985575189325641,1.0,0.9992782389029231,1.0
baseline,val,1.0,1.0,1.0,1.0,1.0
baseline,test,1.0,1.0,1.0,1.0,1.0
blackbox,train,0.9984521966900821,0.996040316774658,0.9992777175875768,0.9976563908418965,0.9999862086395497
blackbox,val,0.9994447529150472,1.0,0.9983164983164983,0.9991575400168492,0.9999986052181578
blackbox,test,0.9983333333333333,0.9949664429530202,1.0,0.9974768713204374,1.0
