model,split,accuracy,precision,recall,f1,roc_auc
baseline,train,1.0,1.0,1.0,1.0,1.0
baseline,val,1.0,1.0,1.0,1.0,1.0
baseline,test,0.9997777777777778,0.9996045867931989,1.0,0.9998022543009689,1.0
blackbox,train,0.9993333333333333,0.9997455039022735,0.999067480501865,0.9994063772048847,0.9999733168485432
blackbox,val,0.9995555555555555,1.0,0.9992088607594937,0.999604273842501,0.9999644950188719
blackbox,test,0.9986666666666667,1.0,0.997626582278481,0.9988118811881188,0.9999275858859477
